{
    "data": [
        {
          "height": 17592,
          "address": "NALICELGU3IVY4DPJKHYLSSVYFFWYS5QPLYEZDJJ",
          "balance": 509676000000,
          "vestedBalance": 100999147150,
          "unvestedBalance": 408676852850,
          "importance": 0.00008857563463531297,
          "pageRank": 0.0007605047835049349
        }
    ]
}
